Trace,Exp,Core_0_IPC,Core_1_IPC,Core_2_IPC,Core_3_IPC,Core_0_LLC_total_miss,Core_0_LLC_load_miss,Core_0_LLC_RFO_miss,Core_0_LLC_writeback_miss,Core_1_LLC_total_miss,Core_1_LLC_load_miss,Core_1_LLC_RFO_miss,Core_1_LLC_writeback_miss,Core_2_LLC_total_miss,Core_2_LLC_load_miss,Core_2_LLC_RFO_miss,Core_2_LLC_writeback_miss,Core_3_LLC_total_miss,Core_3_LLC_load_miss,Core_3_LLC_RFO_miss,Core_3_LLC_writeback_miss,Filter
nutch_phase0_1T,coop_pythia,0.34551,0.36201,0.35799,0.36069,602760,93341,47627,180501,682258,91896,53518,218770,736502,103851,51409,243052,608896,90976,42522,192256,1
nutch_phase1_1T,coop_pythia,0.3615,0.35884,0.35213,0.35863,702378,103600,52516,230781,353014,76405,38674,73705,643560,90329,59680,201456,691583,96415,58855,213251,1
nutch_phase2_1T,coop_pythia,0.50873,1.51319,1.52891,1.43251,1669956,432813,189740,51561,3912,1685,196,271,14,3,5,0,10,5,0,0,1
nutch_phase3_1T,coop_pythia,0.35584,0.36653,0.38894,0.35598,600820,105428,52486,167984,937335,246677,48962,190240,514025,94719,42378,145986,656038,112872,54164,181544,1
nutch_phase4_1T,coop_pythia,0.36155,0.35743,0.35737,0.34233,703825,111195,57390,220222,640913,106028,57190,186685,769508,103212,70662,252486,660836,107391,68317,190288,1
nutch_phase5_1T,coop_pythia,0.67592,0.65153,0.52596,0.68245,212590,38162,21545,42160,229953,40154,18648,47043,263273,48108,30737,47354,157170,33312,19174,19586,1
